,Valoración actual,Progresión,precio,Ataque,Regate,Aceleración,Potencia tiro,Agresividad,Defensa
0,1.0,0.0,3300000,0.5357142857142858,0.31999999999999995,0.22499999999999998,0.24561403508771928,0.7333333333333333,0.8888888888888888
1,1.0,0.42857142857142855,3800000,0.6250000000000001,0.98,0.7749999999999999,0.7719298245614035,0.21666666666666667,0.22222222222222215
2,1.0,0.2857142857142857,3600000,0.6250000000000001,0.82,0.6499999999999999,0.8596491228070176,0.65,0.4603174603174603
3,1.0,0.14285714285714285,3500000,0.3928571428571429,0.72,0.44999999999999996,0.9473684210526315,0.7166666666666667,0.3015873015873015
4,1.0,0.14285714285714285,3600000,0.6071428571428572,0.7999999999999999,0.5,0.9122807017543859,0.8833333333333333,0.12698412698412692
5,1.0,0.5714285714285714,3800000,0.7142857142857144,0.86,0.6499999999999999,0.8947368421052632,0.5499999999999999,0.6666666666666666
6,1.0,0.0,3600000,0.7857142857142858,0.8999999999999999,0.6499999999999999,0.8245614035087719,0.43333333333333335,0.15873015873015867
7,1.0,0.2857142857142857,3800000,0.642857142857143,0.7999999999999999,0.425,0.631578947368421,0.7999999999999999,0.8412698412698412
8,1.0,0.42857142857142855,3800000,0.7500000000000001,0.82,1.0,0.7368421052631579,0.33333333333333337,0.09523809523809518
9,1.0,0.2857142857142857,3500000,0.767857142857143,0.6599999999999999,0.575,0.6140350877192982,0.75,0.9047619047619048
10,1.0,0.42857142857142855,3600000,0.5892857142857144,0.62,0.44999999999999996,0.5964912280701754,0.6833333333333333,0.873015873015873
11,1.0,0.0,3300000,0.125,0.2599999999999999,0.27499999999999997,0.42105263157894735,0.8999999999999999,1.0
12,1.0,0.14285714285714285,3100000,0.125,0.45999999999999996,0.3,0.6842105263157895,0.8333333333333333,0.9047619047619048
13,1.0,0.5714285714285714,3500000,1.0000000000000002,0.72,0.6,0.8596491228070176,0.7666666666666666,0.7777777777777778
14,1.0,0.14285714285714285,3100000,0.33928571428571436,0.5599999999999999,0.22499999999999998,0.49122807017543857,0.75,0.9206349206349207
15,1.0,0.14285714285714285,3300000,0.6607142857142858,0.86,0.7749999999999999,0.3508771929824561,0.7999999999999999,0.8253968253968254
17,1.0,0.14285714285714285,3600000,0.6250000000000001,0.8799999999999999,0.6,0.9473684210526315,0.6166666666666667,0.6507936507936508
18,1.0,0.0,3400000,0.46428571428571436,0.7,0.575,0.8771929824561403,0.85,0.746031746031746
19,1.0,0.14285714285714285,3200000,0.7500000000000001,0.76,0.7749999999999999,0.6491228070175439,0.6333333333333333,0.8253968253968254
20,1.0,0.14285714285714285,3400000,0.767857142857143,0.86,0.8,0.6842105263157895,0.5499999999999999,0.4603174603174603
21,1.0,0.14285714285714285,3500000,0.8035714285714286,0.82,0.575,0.6842105263157895,0.41666666666666663,0.4285714285714285
22,1.0,0.7142857142857142,3700000,0.6607142857142858,1.0,0.8,0.8596491228070176,0.19999999999999996,0.1904761904761904
23,1.0,0.42857142857142855,3700000,0.5714285714285715,0.98,0.85,0.8771929824561403,0.9166666666666666,0.5396825396825397
24,1.0,0.42857142857142855,3500000,0.30357142857142866,0.7799999999999999,0.475,0.8771929824561403,0.6166666666666667,0.873015873015873
25,1.0,0.14285714285714285,3300000,0.5535714285714287,0.7,0.375,1.0,0.8666666666666667,0.9365079365079365
26,1.0,0.2857142857142857,3800000,0.8571428571428572,0.7799999999999999,0.475,0.8421052631578947,0.31666666666666665,0.5396825396825397
27,1.0,0.0,3600000,0.3214285714285715,0.82,0.35,0.6666666666666666,0.75,0.6507936507936508
28,1.0,0.14285714285714285,3400000,0.6071428571428572,0.94,0.525,0.8771929824561403,0.65,0.49206349206349204
29,1.0,0.0,3300000,0.3571428571428572,0.41999999999999993,0.6,0.631578947368421,0.8333333333333333,0.9206349206349207
30,1.0,0.8571428571428572,4099999,0.767857142857143,0.86,0.625,0.8245614035087719,0.35,0.38095238095238093
31,1.0,0.42857142857142855,3700000,0.3750000000000001,0.84,0.475,0.8947368421052632,0.5499999999999999,0.17460317460317454
32,1.0,0.14285714285714285,3500000,0.9464285714285716,0.82,0.6499999999999999,0.8070175438596491,0.35,0.4444444444444444
33,1.0,0.42857142857142855,3800000,0.6250000000000001,0.8799999999999999,0.6,0.8245614035087719,0.6833333333333333,0.7777777777777778
34,1.0,0.14285714285714285,3500000,0.5000000000000001,0.6799999999999999,0.39999999999999997,0.8596491228070176,0.5666666666666667,0.23809523809523803
35,1.0,0.0,3300000,0.7857142857142858,0.6599999999999999,0.8,0.49122807017543857,0.75,0.8412698412698412
36,1.0,0.0,3500000,0.767857142857143,1.0,0.7,0.7017543859649122,0.7,0.5873015873015872
37,1.0,0.0,3400000,0.6964285714285715,0.5599999999999999,0.375,0.42105263157894735,0.7666666666666666,0.9365079365079365
38,1.0,0.14285714285714285,3600000,0.6964285714285715,0.7999999999999999,0.7749999999999999,0.8947368421052632,0.7,0.15873015873015867
39,1.0,1.0,4000000,0.8214285714285716,0.8799999999999999,0.44999999999999996,0.8947368421052632,0.39999999999999997,0.20634920634920634
40,1.0,0.0,3300000,0.7321428571428573,0.72,0.6499999999999999,0.5087719298245614,0.9833333333333333,0.8253968253968254
41,1.0,0.14285714285714285,3300000,0.642857142857143,0.72,0.525,0.052631578947368474,0.7,0.8888888888888888
42,1.0,0.0,3300000,0.8750000000000001,0.86,0.825,0.8771929824561403,0.9166666666666666,0.6984126984126984
43,1.0,0.0,3300000,0.6964285714285715,0.86,0.525,0.4385964912280701,0.6333333333333333,0.9047619047619048
44,1.0,0.0,3500000,0.4464285714285715,0.82,0.6,0.8596491228070176,0.7166666666666667,0.12698412698412692
45,1.0,0.0,3600000,0.6964285714285715,0.84,0.09999999999999998,0.8421052631578947,0.23333333333333334,0.06349206349206343
46,1.0,0.2857142857142857,3600000,0.7857142857142858,0.84,0.825,0.7368421052631579,0.85,0.8253968253968254
47,1.0,0.0,3300000,0.767857142857143,0.76,0.6749999999999999,0.7017543859649122,0.7666666666666666,0.8253968253968254
48,1.0,0.0,3600000,0.642857142857143,0.8999999999999999,0.85,0.7894736842105263,0.4666666666666667,0.4444444444444444
49,1.0,0.14285714285714285,3500000,0.8035714285714286,0.72,0.725,0.7192982456140351,0.65,0.20634920634920634
50,1.0,0.0,3400000,0.8750000000000001,0.7,0.625,0.7719298245614035,0.7333333333333333,0.8571428571428572
51,1.0,0.0,3400000,0.5535714285714287,0.74,0.44999999999999996,0.6842105263157895,0.65,0.7777777777777778
52,1.0,0.2857142857142857,3800000,0.6250000000000001,0.98,0.9249999999999999,0.5614035087719298,0.1333333333333333,0.33333333333333326
53,1.0,0.0,3400000,0.5535714285714287,0.74,0.525,0.9122807017543859,0.8999999999999999,0.8571428571428572
54,1.0,0.2857142857142857,3600000,0.7500000000000001,0.62,0.375,0.8245614035087719,0.7999999999999999,0.8412698412698412
55,1.0,0.0,3500000,0.7142857142857144,0.76,0.7749999999999999,0.7719298245614035,0.35,0.39682539682539675
56,1.0,0.14285714285714285,3400000,0.7321428571428573,0.8799999999999999,0.9249999999999999,0.3508771929824561,0.7333333333333333,0.7777777777777778
58,1.0,0.0,3300000,0.0,0.35999999999999993,0.024999999999999967,0.6666666666666666,0.7999999999999999,0.9365079365079365
59,1.0,0.42857142857142855,3800000,0.6250000000000001,0.98,0.7749999999999999,0.7719298245614035,0.21666666666666667,0.22222222222222215
60,1.0,0.0,3500000,0.4464285714285715,0.82,0.6,0.8596491228070176,0.7166666666666667,0.12698412698412692
61,1.0,0.14285714285714285,3500000,0.8035714285714286,0.82,0.575,0.6842105263157895,0.41666666666666663,0.4285714285714285
62,1.0,0.14285714285714285,3200000,0.7500000000000001,0.76,0.7749999999999999,0.6491228070175439,0.6333333333333333,0.8253968253968254
63,1.0,0.42857142857142855,3600000,0.5892857142857144,0.62,0.44999999999999996,0.5964912280701754,0.6833333333333333,0.873015873015873
64,1.0,0.0,3400000,0.46428571428571436,0.7,0.575,0.8771929824561403,0.85,0.746031746031746
65,0.923076923076923,0.5714285714285714,3300000,0.8392857142857144,0.7999999999999999,0.7,0.7543859649122807,0.85,0.7619047619047619
66,0.923076923076923,0.14285714285714285,3400000,0.7857142857142858,0.8799999999999999,0.825,0.8771929824561403,0.23333333333333334,0.3492063492063492
67,0.923076923076923,0.2857142857142857,3200000,0.33928571428571436,0.84,0.3,0.8421052631578947,0.7833333333333333,0.8253968253968254
68,0.923076923076923,0.42857142857142855,3300000,0.9821428571428573,0.74,0.39999999999999997,1.0,0.7833333333333333,0.7619047619047619
69,0.923076923076923,0.0,3200000,0.7321428571428573,0.74,0.6499999999999999,0.8245614035087719,0.5166666666666666,0.15873015873015867
70,0.923076923076923,0.2857142857142857,3300000,0.3571428571428572,0.8999999999999999,0.575,0.7719298245614035,0.44999999999999996,0.20634920634920634
71,0.923076923076923,0.0,2900000,0.07142857142857151,0.6,0.125,0.6666666666666666,0.7833333333333333,0.9523809523809523
72,0.923076923076923,0.42857142857142855,3300000,0.642857142857143,0.8999999999999999,0.7749999999999999,0.8245614035087719,0.2833333333333333,0.1428571428571428
73,0.923076923076923,0.14285714285714285,3200000,0.5714285714285715,0.76,0.5,0.6491228070175439,1.0,0.7936507936507937
74,0.923076923076923,0.14285714285714285,3100000,0.5714285714285715,0.82,0.475,0.6666666666666666,0.7333333333333333,0.8412698412698412
75,0.923076923076923,0.0,2900000,0.6071428571428572,0.7799999999999999,0.375,0.7543859649122807,0.7333333333333333,0.8095238095238095
76,0.923076923076923,0.42857142857142855,3300000,0.6964285714285715,0.84,0.9249999999999999,0.7543859649122807,0.31666666666666665,0.5238095238095237
77,0.923076923076923,0.0,3000000,0.7500000000000001,0.7999999999999999,0.475,0.7719298245614035,0.4833333333333333,0.4444444444444444
78,0.923076923076923,0.7142857142857142,3300000,0.767857142857143,0.7999999999999999,0.5499999999999999,0.38596491228070173,0.65,0.8095238095238095
79,0.923076923076923,0.0,3100000,0.5178571428571429,0.8799999999999999,0.6749999999999999,0.6491228070175439,0.5166666666666666,0.6190476190476191
80,0.923076923076923,0.0,3100000,0.6607142857142858,0.86,0.9249999999999999,0.9824561403508771,0.8166666666666667,0.7619047619047619
82,0.923076923076923,0.14285714285714285,3300000,0.6785714285714287,0.82,0.5499999999999999,0.7894736842105263,0.85,0.5238095238095237
83,0.923076923076923,0.0,2900000,0.5178571428571429,0.6399999999999999,0.0,0.6140350877192982,0.85,0.873015873015873
84,0.923076923076923,0.2857142857142857,3100000,0.30357142857142866,0.45999999999999996,0.25,0.6666666666666666,0.7166666666666667,0.9365079365079365
85,0.923076923076923,0.0,3200000,0.46428571428571436,0.82,0.6499999999999999,0.8771929824561403,0.5,0.04761904761904756
86,0.923076923076923,0.14285714285714285,3100000,0.125,0.45999999999999996,0.0,0.5789473684210527,0.7999999999999999,0.9206349206349207
87,0.923076923076923,0.14285714285714285,3400000,0.767857142857143,0.84,0.6749999999999999,0.8070175438596491,0.3833333333333333,0.3015873015873015
88,0.923076923076923,0.14285714285714285,3400000,0.767857142857143,0.82,0.6499999999999999,0.7894736842105263,0.5,0.1428571428571428
90,0.923076923076923,0.0,3000000,0.8035714285714286,0.76,0.475,0.6842105263157895,0.6666666666666666,0.8571428571428572
91,0.923076923076923,0.0,3100000,0.5892857142857144,0.84,0.75,0.7368421052631579,0.5166666666666666,0.49206349206349204
92,0.923076923076923,0.0,3100000,0.642857142857143,0.8799999999999999,0.75,0.7719298245614035,0.5499999999999999,0.4285714285714285
93,0.923076923076923,0.2857142857142857,3300000,0.6250000000000001,0.7999999999999999,0.7,0.6842105263157895,0.9833333333333333,0.7619047619047619
94,0.923076923076923,0.0,3100000,0.21428571428571436,0.74,0.625,0.8947368421052632,0.33333333333333337,0.17460317460317454
95,0.923076923076923,0.2857142857142857,3100000,0.10714285714285715,0.5399999999999999,0.3,0.3508771929824561,0.8166666666666667,0.9365079365079365
96,0.923076923076923,0.0,2800000,0.767857142857143,0.72,0.6,0.6842105263157895,0.7666666666666666,0.8412698412698412
97,0.923076923076923,0.5714285714285714,3200000,0.7500000000000001,0.84,0.575,0.7894736842105263,0.44999999999999996,0.31746031746031744
98,0.923076923076923,0.0,3200000,0.6250000000000001,0.7799999999999999,0.44999999999999996,0.8421052631578947,0.5833333333333333,0.31746031746031744
99,0.923076923076923,0.14285714285714285,3300000,0.6250000000000001,0.86,0.825,0.7192982456140351,0.6,0.22222222222222215
100,0.923076923076923,0.42857142857142855,3400000,0.7142857142857144,0.86,0.8,0.7894736842105263,0.6833333333333333,0.3015873015873015
101,0.923076923076923,0.0,3100000,0.7321428571428573,0.8999999999999999,0.7749999999999999,0.5438596491228069,0.3,0.38095238095238093
103,0.923076923076923,0.0,3200000,0.2321428571428572,0.76,0.27499999999999997,0.9298245614035088,0.5166666666666666,0.26984126984126977
104,0.923076923076923,0.5714285714285714,3000000,0.4821428571428572,0.58,0.425,0.42105263157894735,0.7666666666666666,0.873015873015873
105,0.923076923076923,0.42857142857142855,3300000,0.6964285714285715,0.8999999999999999,0.625,0.7894736842105263,0.6833333333333333,0.5555555555555556
106,0.923076923076923,0.0,3100000,0.8214285714285716,0.82,0.32499999999999996,0.7368421052631579,0.4666666666666667,0.47619047619047616
107,0.923076923076923,0.14285714285714285,3200000,0.4821428571428572,0.62,0.5,0.631578947368421,0.85,0.8253968253968254
108,0.923076923076923,0.0,3100000,0.7321428571428573,0.84,0.575,0.7192982456140351,0.6166666666666667,0.9365079365079365
109,0.923076923076923,0.14285714285714285,3400000,0.767857142857143,0.7799999999999999,0.825,0.7543859649122807,0.5666666666666667,0.39682539682539675
110,0.8461538461538461,0.42857142857142855,2700000,0.6071428571428572,0.58,0.35,0.4736842105263157,0.7833333333333333,0.8571428571428572
111,0.8461538461538461,0.42857142857142855,2900000,0.5714285714285715,0.84,0.525,0.8771929824561403,0.7166666666666667,0.5714285714285714
112,0.8461538461538461,0.5714285714285714,3100000,0.5892857142857144,0.8799999999999999,0.95,0.8245614035087719,0.44999999999999996,0.111111111111111
113,0.8461538461538461,0.0,2900000,0.3750000000000001,0.7799999999999999,0.7,0.7719298245614035,0.4833333333333333,0.1904761904761904
114,0.8461538461538461,0.0,3000000,0.5535714285714287,0.72,0.525,0.8421052631578947,1.0,0.8571428571428572
115,0.8461538461538461,0.0,3000000,0.642857142857143,0.7799999999999999,0.7749999999999999,0.8245614035087719,0.5666666666666667,0.3015873015873015
116,0.8461538461538461,0.14285714285714285,2900000,0.642857142857143,0.7999999999999999,0.8999999999999999,0.7894736842105263,0.21666666666666667,0.15873015873015867
117,0.8461538461538461,0.2857142857142857,2600000,0.5000000000000001,0.6399999999999999,0.32499999999999996,0.5614035087719298,0.7833333333333333,0.8412698412698412
118,0.8461538461538461,0.14285714285714285,2700000,0.6071428571428572,0.76,0.44999999999999996,0.8245614035087719,0.7999999999999999,0.7936507936507937
119,0.8461538461538461,0.0,2900000,0.3214285714285715,0.5599999999999999,0.14999999999999997,0.7894736842105263,0.6833333333333333,0.1904761904761904
120,0.8461538461538461,0.7142857142857142,3000000,0.4821428571428572,0.86,0.625,0.7192982456140351,0.75,0.7301587301587301
121,0.8461538461538461,0.14285714285714285,2800000,0.1964285714285715,0.6599999999999999,0.3,0.8070175438596491,0.85,0.365079365079365
122,0.8461538461538461,0.0,2700000,0.16071428571428575,0.15999999999999992,0.32499999999999996,0.42105263157894735,0.7166666666666667,0.9365079365079365
123,0.8461538461538461,0.0,2700000,0.7142857142857144,0.35999999999999993,0.39999999999999997,0.03508771929824561,0.65,0.873015873015873
124,0.8461538461538461,0.14285714285714285,2700000,0.7321428571428573,0.6799999999999999,0.575,0.7017543859649122,0.7166666666666667,0.7142857142857143
125,0.8461538461538461,0.0,2700000,0.16071428571428575,0.45999999999999996,0.32499999999999996,0.4736842105263157,0.7999999999999999,0.873015873015873
127,0.8461538461538461,0.42857142857142855,2600000,0.3571428571428572,0.62,0.5499999999999999,0.7368421052631579,0.7333333333333333,0.8095238095238095
128,0.8461538461538461,0.0,2900000,0.7321428571428573,0.8799999999999999,0.75,0.9122807017543859,0.5666666666666667,0.3015873015873015
129,0.8461538461538461,0.14285714285714285,3000000,0.46428571428571436,0.84,0.5499999999999999,0.8070175438596491,0.7666666666666666,0.9523809523809523
130,0.8461538461538461,0.7142857142857142,3100000,0.5357142857142858,0.86,0.75,0.6842105263157895,0.31666666666666665,0.12698412698412692
131,0.8461538461538461,0.2857142857142857,2700000,0.7321428571428573,0.72,0.75,0.5438596491228069,0.8833333333333333,0.7777777777777778
132,0.8461538461538461,0.42857142857142855,2600000,0.767857142857143,0.7999999999999999,0.75,0.5614035087719298,0.43333333333333335,0.8412698412698412
134,0.8461538461538461,0.0,2700000,0.8571428571428572,0.7,0.375,0.8947368421052632,0.75,0.7936507936507937
135,0.8461538461538461,0.0,2900000,0.7321428571428573,0.74,0.3,0.8596491228070176,0.2833333333333333,0.5714285714285714
136,0.8461538461538461,0.2857142857142857,2800000,0.5357142857142858,0.7799999999999999,0.575,0.9298245614035088,0.6333333333333333,0.26984126984126977
137,0.8461538461538461,0.0,2800000,0.46428571428571436,0.58,0.04999999999999999,0.7368421052631579,0.7333333333333333,0.8412698412698412
138,0.8461538461538461,0.14285714285714285,2600000,0.1964285714285715,0.07999999999999996,0.3,0.42105263157894735,0.7333333333333333,0.9365079365079365
139,0.8461538461538461,0.14285714285714285,2900000,0.6607142857142858,0.7999999999999999,0.525,0.8245614035087719,0.4833333333333333,0.31746031746031744
140,0.8461538461538461,0.14285714285714285,2900000,0.3214285714285715,0.7999999999999999,0.625,0.6491228070175439,0.6,0.20634920634920634
141,0.8461538461538461,0.0,2800000,0.07142857142857151,0.2599999999999999,0.04999999999999999,0.42105263157894735,0.7833333333333333,0.9047619047619048
143,0.8461538461538461,0.0,2900000,0.7500000000000001,0.84,0.575,0.6666666666666666,0.39999999999999997,0.17460317460317454
144,0.8461538461538461,0.0,2900000,0.8392857142857144,0.74,0.725,0.7192982456140351,0.1333333333333333,0.09523809523809518
145,0.8461538461538461,0.2857142857142857,2800000,0.5535714285714287,0.74,0.44999999999999996,0.8421052631578947,0.6833333333333333,0.49206349206349204
146,0.8461538461538461,0.2857142857142857,2800000,0.767857142857143,0.86,0.6499999999999999,0.8421052631578947,0.5666666666666667,0.15873015873015867
147,0.8461538461538461,0.14285714285714285,2900000,0.7321428571428573,0.8799999999999999,0.75,0.7719298245614035,0.31666666666666665,0.2539682539682539
148,0.8461538461538461,0.14285714285714285,2700000,0.7500000000000001,0.7999999999999999,0.5499999999999999,0.6842105263157895,0.7833333333333333,0.746031746031746
149,0.7692307692307692,0.2857142857142857,2300000,0.21428571428571436,0.37999999999999995,0.375,0.45614035087719296,0.6166666666666667,0.7777777777777778
150,0.7692307692307692,0.2857142857142857,2400000,0.7321428571428573,0.8999999999999999,0.7,0.8421052631578947,0.39999999999999997,0.5396825396825397
151,0.7692307692307692,0.14285714285714285,2200000,0.3571428571428572,0.6,0.19999999999999996,0.5438596491228069,0.8333333333333333,0.873015873015873
152,0.7692307692307692,0.2857142857142857,2300000,0.46428571428571436,0.7799999999999999,0.8,0.8245614035087719,0.7,0.3015873015873015
153,0.7692307692307692,0.42857142857142855,2500000,0.6785714285714287,0.8999999999999999,0.525,0.631578947368421,0.7166666666666667,0.746031746031746
154,0.7692307692307692,0.7142857142857142,2600000,0.7142857142857144,0.84,0.6499999999999999,0.6140350877192982,0.41666666666666663,0.4126984126984127
155,0.7692307692307692,0.0,2500000,0.3750000000000001,0.6599999999999999,0.5499999999999999,0.8245614035087719,0.7,0.12698412698412692
156,0.7692307692307692,0.5714285714285714,2500000,0.21428571428571436,0.1399999999999999,0.25,0.49122807017543857,0.7,0.9365079365079365
157,0.7692307692307692,0.0,2300000,0.7142857142857144,0.6599999999999999,0.725,0.3684210526315789,0.7166666666666667,0.7301587301587301
158,0.7692307692307692,0.14285714285714285,2400000,0.7500000000000001,0.7799999999999999,0.6,0.6842105263157895,0.8666666666666667,0.6984126984126984
159,0.7692307692307692,0.0,2400000,0.5000000000000001,0.8799999999999999,0.875,0.7017543859649122,0.24999999999999994,0.0793650793650793
160,0.7692307692307692,0.0,2400000,0.5178571428571429,0.94,0.725,0.7543859649122807,0.6833333333333333,0.22222222222222215
161,0.7692307692307692,0.42857142857142855,2600000,0.7857142857142858,0.7799999999999999,0.44999999999999996,0.7192982456140351,0.33333333333333337,0.5714285714285714
162,0.7692307692307692,0.2857142857142857,2400000,0.7142857142857144,0.86,0.6,0.6842105263157895,0.19999999999999996,0.0
163,0.7692307692307692,0.42857142857142855,2500000,0.10714285714285715,0.12,0.125,0.4385964912280701,0.7166666666666667,0.8095238095238095
164,0.7692307692307692,0.42857142857142855,2500000,0.7500000000000001,0.7799999999999999,0.5499999999999999,0.7017543859649122,0.41666666666666663,0.06349206349206343
165,0.7692307692307692,0.0,2300000,0.1964285714285715,0.0,0.375,0.6140350877192982,0.7166666666666667,0.8888888888888888
166,0.7692307692307692,0.2857142857142857,2400000,0.2857142857142858,0.6799999999999999,0.39999999999999997,0.7894736842105263,0.31666666666666665,0.09523809523809518
167,0.7692307692307692,0.14285714285714285,2400000,0.6785714285714287,0.82,0.375,1.0,0.6,0.6031746031746031
168,0.7692307692307692,0.42857142857142855,2500000,0.46428571428571436,0.37999999999999995,0.475,0.3684210526315789,0.7833333333333333,0.8412698412698412
170,0.7692307692307692,0.0,2400000,0.6071428571428572,0.82,0.8,0.7368421052631579,0.14999999999999997,0.20634920634920634
171,0.7692307692307692,0.2857142857142857,2500000,0.6071428571428572,0.76,0.475,0.9122807017543859,0.7333333333333333,0.6666666666666666
172,0.7692307692307692,0.0,2300000,0.6071428571428572,0.7,0.39999999999999997,0.6491228070175439,0.65,0.8412698412698412
173,0.7692307692307692,0.2857142857142857,2300000,0.642857142857143,0.7799999999999999,0.525,0.6666666666666666,0.65,0.8888888888888888
174,0.7692307692307692,0.0,2400000,0.5714285714285715,0.4999999999999999,0.44999999999999996,0.42105263157894735,0.7166666666666667,0.9047619047619048
175,0.7692307692307692,0.0,2400000,0.46428571428571436,0.72,0.7,0.7894736842105263,0.43333333333333335,0.17460317460317454
176,0.7692307692307692,0.2857142857142857,2400000,0.2857142857142858,0.72,0.6499999999999999,0.7894736842105263,0.4666666666666667,0.111111111111111
177,0.7692307692307692,0.5714285714285714,2500000,0.46428571428571436,0.43999999999999995,0.3,0.7192982456140351,0.8833333333333333,0.8571428571428572
178,0.7692307692307692,0.5714285714285714,2600000,0.642857142857143,0.8999999999999999,0.6,0.8245614035087719,0.7,0.7301587301587301
179,0.7692307692307692,0.14285714285714285,2400000,0.33928571428571436,0.5199999999999999,0.5,0.8947368421052632,0.75,0.20634920634920634
180,0.7692307692307692,0.42857142857142855,2700000,0.46428571428571436,0.8999999999999999,0.7,0.8596491228070176,0.5,0.111111111111111
181,0.7692307692307692,0.0,2500000,0.2321428571428572,0.74,0.375,0.7543859649122807,0.31666666666666665,0.20634920634920634
182,0.7692307692307692,0.42857142857142855,2600000,0.30357142857142866,0.82,0.6,0.8771929824561403,0.19999999999999996,0.1428571428571428
183,0.7692307692307692,0.2857142857142857,2300000,0.7500000000000001,0.6799999999999999,0.575,0.7368421052631579,0.5666666666666667,0.8095238095238095
184,0.7692307692307692,0.42857142857142855,2500000,0.7142857142857144,0.7799999999999999,0.6749999999999999,0.6842105263157895,0.39999999999999997,0.8571428571428572
185,0.7692307692307692,0.5714285714285714,2500000,0.9285714285714287,0.9199999999999999,0.35,0.8245614035087719,0.5666666666666667,0.6825396825396826
186,0.7692307692307692,0.14285714285714285,2500000,0.6071428571428572,0.7799999999999999,0.425,0.8771929824561403,0.6333333333333333,0.5079365079365079
187,0.7692307692307692,0.2857142857142857,2300000,0.7857142857142858,0.5599999999999999,0.425,0.7192982456140351,0.6333333333333333,0.8253968253968254
189,0.7692307692307692,0.7142857142857142,2600000,0.6250000000000001,0.7999999999999999,0.575,0.8421052631578947,0.4833333333333333,0.5873015873015872
190,0.6923076923076923,0.2857142857142857,2100000,0.3214285714285715,0.5199999999999999,0.525,0.5789473684210527,0.75,0.8412698412698412
191,0.6923076923076923,0.0,2000000,0.4821428571428572,0.62,0.25,0.8947368421052632,0.7833333333333333,0.6825396825396826
193,0.6923076923076923,0.0,2100000,0.6964285714285715,0.7999999999999999,0.5,0.7017543859649122,0.31666666666666665,0.4603174603174603
194,0.6923076923076923,0.0,2000000,0.6785714285714287,0.7799999999999999,0.875,0.6842105263157895,0.3833333333333333,0.4285714285714285
195,0.6923076923076923,0.2857142857142857,2200000,0.6250000000000001,0.76,0.475,0.8421052631578947,0.5,0.47619047619047616
196,0.6923076923076923,0.0,1900000,0.7142857142857144,0.74,0.6499999999999999,0.7192982456140351,0.7333333333333333,0.6825396825396826
197,0.6923076923076923,0.0,1900000,0.5892857142857144,0.6599999999999999,0.39999999999999997,0.2982456140350877,0.7,0.8253968253968254
198,0.6923076923076923,0.0,2000000,0.6071428571428572,0.76,0.575,0.6666666666666666,0.31666666666666665,0.15873015873015867
199,0.6923076923076923,0.0,2000000,0.6607142857142858,0.72,0.22499999999999998,0.6842105263157895,0.5166666666666666,0.6190476190476191
200,0.6923076923076923,0.0,2100000,0.6964285714285715,0.74,0.85,0.9122807017543859,0.6166666666666667,0.33333333333333326
201,0.6923076923076923,0.5714285714285714,2100000,0.5000000000000001,0.7,0.6499999999999999,0.6491228070175439,0.43333333333333335,0.38095238095238093
202,0.6923076923076923,0.2857142857142857,2200000,0.6071428571428572,0.72,0.6,0.5438596491228069,0.8166666666666667,0.6666666666666666
203,0.6923076923076923,0.14285714285714285,1900000,0.33928571428571436,0.09999999999999987,0.39999999999999997,0.42105263157894735,0.5,0.8571428571428572
204,0.6923076923076923,0.8571428571428572,2300000,0.8035714285714286,0.84,0.425,0.6842105263157895,0.21666666666666667,0.4285714285714285
205,0.6923076923076923,0.2857142857142857,2200000,0.6250000000000001,0.7999999999999999,0.375,0.6491228070175439,0.65,0.6984126984126984
206,0.6923076923076923,0.0,1900000,0.5892857142857144,0.7799999999999999,0.6499999999999999,0.1578947368421053,0.5833333333333333,0.6666666666666666
207,0.6923076923076923,0.5714285714285714,2200000,0.6785714285714287,0.7799999999999999,0.575,0.8596491228070176,0.36666666666666664,0.4603174603174603
208,0.6923076923076923,0.14285714285714285,2000000,0.21428571428571436,0.58,0.35,0.9298245614035088,0.6333333333333333,0.15873015873015867
209,0.6923076923076923,0.0,1900000,0.6250000000000001,0.4999999999999999,0.575,0.08771929824561409,0.6166666666666667,0.8253968253968254
210,0.6923076923076923,0.0,2000000,0.8214285714285716,0.74,0.35,0.8596491228070176,0.65,0.8095238095238095
211,0.6923076923076923,0.8571428571428572,2300000,0.7500000000000001,0.7999999999999999,0.6499999999999999,0.6140350877192982,0.31666666666666665,0.4603174603174603
212,0.6923076923076923,1.0,2700000,0.5892857142857144,0.84,0.75,0.7192982456140351,0.16666666666666663,0.20634920634920634
213,0.6923076923076923,0.0,2000000,0.7500000000000001,0.6599999999999999,0.32499999999999996,0.8070175438596491,0.75,0.7619047619047619
214,0.6923076923076923,0.0,2000000,0.7321428571428573,0.6599999999999999,0.7,0.5438596491228069,0.6333333333333333,0.7301587301587301
215,0.6923076923076923,0.5714285714285714,2100000,0.7142857142857144,0.7799999999999999,0.5499999999999999,0.7017543859649122,0.43333333333333335,0.6666666666666666
216,0.6923076923076923,0.0,1900000,0.3928571428571429,0.41999999999999993,0.39999999999999997,0.45614035087719296,0.6166666666666667,0.8571428571428572
217,0.6923076923076923,0.0,2000000,0.642857142857143,0.7999999999999999,0.44999999999999996,0.5789473684210527,0.5166666666666666,0.49206349206349204
218,0.6923076923076923,0.0,2100000,0.6964285714285715,0.6799999999999999,0.525,0.7719298245614035,0.6333333333333333,0.7301587301587301
221,0.6923076923076923,0.0,2100000,0.05357142857142866,0.72,0.39999999999999997,0.7192982456140351,0.23333333333333334,0.03174603174603169
222,0.6923076923076923,0.14285714285714285,2100000,0.6964285714285715,0.82,0.6499999999999999,0.8070175438596491,0.11666666666666664,0.22222222222222215
223,0.6923076923076923,0.0,2000000,0.5178571428571429,0.7,0.425,0.7543859649122807,0.8166666666666667,0.746031746031746
224,0.6923076923076923,0.5714285714285714,2000000,0.1785714285714286,0.019999999999999907,0.04999999999999999,0.40350877192982454,0.7666666666666666,0.8412698412698412
225,0.6923076923076923,0.0,2000000,0.6785714285714287,0.6599999999999999,0.8,0.5964912280701754,0.5166666666666666,0.33333333333333326
226,0.6923076923076923,0.0,2100000,0.1428571428571429,0.7,0.22499999999999998,0.8771929824561403,0.65,0.12698412698412692
227,0.6923076923076923,0.5714285714285714,2200000,0.6071428571428572,0.7799999999999999,0.75,0.7192982456140351,0.11666666666666664,0.1904761904761904
228,0.6153846153846153,0.2857142857142857,1800000,0.6607142857142858,0.7799999999999999,0.27499999999999997,0.631578947368421,0.7666666666666666,0.6507936507936508
229,0.6153846153846153,0.0,1600000,0.6964285714285715,0.6399999999999999,0.5,0.45614035087719296,0.5333333333333333,0.8571428571428572
230,0.6153846153846153,0.42857142857142855,1800000,0.6785714285714287,0.6599999999999999,0.44999999999999996,0.8421052631578947,0.8166666666666667,0.6825396825396826
231,0.6153846153846153,0.2857142857142857,1800000,0.5714285714285715,0.74,0.875,0.6666666666666666,0.14999999999999997,0.22222222222222215
232,0.6153846153846153,0.0,1700000,0.33928571428571436,0.43999999999999995,0.3,0.6842105263157895,0.6666666666666666,0.8412698412698412
233,0.6153846153846153,0.0,1700000,0.46428571428571436,0.7799999999999999,0.625,0.6666666666666666,0.4833333333333333,0.49206349206349204
234,0.6153846153846153,0.7142857142857142,1900000,0.5714285714285715,0.84,0.75,0.6140350877192982,0.23333333333333334,0.1428571428571428
235,0.6153846153846153,0.0,1700000,0.7142857142857144,0.74,0.725,0.6666666666666666,0.4833333333333333,0.33333333333333326
236,0.6153846153846153,0.0,1700000,0.5892857142857144,0.7999999999999999,0.8,0.8070175438596491,0.3833333333333333,0.2539682539682539
237,0.6153846153846153,0.2857142857142857,1800000,0.5892857142857144,0.74,0.5499999999999999,0.8245614035087719,0.31666666666666665,0.26984126984126977
238,0.6153846153846153,0.0,1600000,0.3214285714285715,0.62,0.725,0.7894736842105263,0.5333333333333333,0.17460317460317454
239,0.6153846153846153,0.2857142857142857,1700000,0.642857142857143,0.6,0.525,0.052631578947368474,0.6666666666666666,0.7301587301587301
241,0.6153846153846153,0.7142857142857142,1900000,0.5000000000000001,0.74,0.525,0.8421052631578947,0.5166666666666666,0.6825396825396826
242,0.6153846153846153,0.0,1600000,0.4107142857142858,0.6,0.425,0.3684210526315789,0.7666666666666666,0.8412698412698412
245,0.6153846153846153,0.0,1700000,0.642857142857143,0.62,0.39999999999999997,0.6666666666666666,0.7999999999999999,0.7142857142857143
246,0.6153846153846153,0.14285714285714285,1700000,0.0892857142857143,0.27999999999999997,0.3,0.3333333333333333,0.7,0.7301587301587301
247,0.6153846153846153,0.14285714285714285,1800000,0.5000000000000001,0.86,0.44999999999999996,0.7543859649122807,0.3833333333333333,0.4285714285714285
248,0.6153846153846153,0.0,1600000,0.3928571428571429,0.6,0.5,0.5614035087719298,1.0,0.746031746031746
250,0.6153846153846153,0.42857142857142855,1700000,0.6071428571428572,0.72,0.5499999999999999,0.5087719298245614,0.35,0.7777777777777778
251,0.6153846153846153,0.7142857142857142,1900000,0.4107142857142858,0.6399999999999999,0.39999999999999997,0.8070175438596491,0.6166666666666667,0.3492063492063492
252,0.6153846153846153,0.0,1700000,0.7321428571428573,0.72,0.525,0.7368421052631579,0.24999999999999994,0.2539682539682539
253,0.6153846153846153,0.14285714285714285,1700000,0.2857142857142858,0.15999999999999992,0.27499999999999997,0.5087719298245614,0.5666666666666667,0.8888888888888888
254,0.6153846153846153,0.0,1600000,0.5714285714285715,0.74,0.6,0.2982456140350877,0.9333333333333333,0.6825396825396826
255,0.6153846153846153,0.2857142857142857,1700000,0.26785714285714296,0.1399999999999999,0.32499999999999996,0.5614035087719298,0.75,0.873015873015873
256,0.6153846153846153,0.14285714285714285,1800000,0.6607142857142858,0.74,0.7749999999999999,0.8245614035087719,0.6666666666666666,0.26984126984126977
257,0.6153846153846153,0.0,1700000,0.6250000000000001,0.82,0.975,0.7017543859649122,0.23333333333333334,0.2857142857142857
258,0.6153846153846153,0.42857142857142855,1700000,0.3928571428571429,0.6799999999999999,0.25,0.6491228070175439,0.7333333333333333,0.8571428571428572
259,0.6153846153846153,0.0,1700000,0.642857142857143,0.74,0.35,0.5964912280701754,0.43333333333333335,0.49206349206349204
260,0.6153846153846153,0.2857142857142857,1700000,0.16071428571428575,0.29999999999999993,0.024999999999999967,0.3157894736842105,0.75,0.8571428571428572
261,0.6153846153846153,0.14285714285714285,1800000,0.4464285714285715,0.7,0.475,0.7368421052631579,0.6833333333333333,0.8095238095238095
262,0.6153846153846153,0.2857142857142857,1800000,0.5714285714285715,0.72,0.625,0.7543859649122807,0.6666666666666666,0.6190476190476191
264,0.6153846153846153,0.0,1700000,0.5178571428571429,0.72,0.35,0.5964912280701754,0.44999999999999996,0.26984126984126977
265,0.6153846153846153,0.0,1700000,0.3571428571428572,0.58,0.35,0.9122807017543859,0.7833333333333333,0.4603174603174603
266,0.6153846153846153,0.2857142857142857,1800000,0.5714285714285715,0.7799999999999999,0.7,0.5964912280701754,0.19999999999999996,0.26984126984126977
267,0.6153846153846153,0.14285714285714285,1800000,0.1964285714285715,0.6599999999999999,0.5499999999999999,0.8245614035087719,0.8166666666666667,0.111111111111111
268,0.6153846153846153,0.7142857142857142,2000000,0.8214285714285716,0.86,0.39999999999999997,0.7894736842105263,0.19999999999999996,0.26984126984126977
269,0.6153846153846153,0.14285714285714285,1900000,0.5000000000000001,0.6799999999999999,0.44999999999999996,0.7368421052631579,0.7166666666666667,0.4126984126984127
270,0.6153846153846153,0.0,1700000,0.767857142857143,0.58,0.7749999999999999,0.9649122807017543,0.8166666666666667,0.6507936507936508
271,0.6153846153846153,0.2857142857142857,1800000,0.5357142857142858,0.7799999999999999,0.44999999999999996,0.7543859649122807,0.44999999999999996,0.5396825396825397
272,0.6153846153846153,0.14285714285714285,1800000,0.6250000000000001,0.76,0.5499999999999999,0.7894736842105263,0.16666666666666663,0.17460317460317454
274,0.6153846153846153,0.0,1700000,0.4464285714285715,0.7,0.425,0.7719298245614035,0.6166666666666667,0.7142857142857143
275,0.6153846153846153,0.42857142857142855,1800000,0.767857142857143,0.84,0.625,0.7017543859649122,0.33333333333333337,0.26984126984126977
276,0.6153846153846153,0.0,1700000,0.642857142857143,0.7,0.625,0.7368421052631579,0.39999999999999997,0.31746031746031744
277,0.5384615384615384,0.14285714285714285,1500000,0.6071428571428572,0.74,0.6,0.8070175438596491,0.41666666666666663,0.31746031746031744
278,0.5384615384615384,0.0,1400000,0.6785714285714287,0.6,0.6749999999999999,0.6666666666666666,0.5166666666666666,0.7301587301587301
279,0.5384615384615384,0.0,1400000,0.4107142857142858,0.6399999999999999,0.525,0.631578947368421,0.8333333333333333,0.7301587301587301
280,0.5384615384615384,0.14285714285714285,1500000,0.5178571428571429,0.72,0.39999999999999997,0.7017543859649122,0.5499999999999999,0.5714285714285714
281,0.5384615384615384,0.0,1500000,0.46428571428571436,0.6,0.625,0.7719298245614035,0.24999999999999994,0.26984126984126977
282,0.5384615384615384,0.14285714285714285,1400000,0.5535714285714287,0.7799999999999999,0.425,0.3157894736842105,0.5166666666666666,0.7936507936507937
283,0.5384615384615384,0.14285714285714285,1500000,0.10714285714285715,0.6399999999999999,0.475,0.7017543859649122,0.7833333333333333,0.111111111111111
284,0.5384615384615384,0.8571428571428572,1800000,0.5178571428571429,0.7999999999999999,0.35,0.6140350877192982,0.6166666666666667,0.5079365079365079
285,0.5384615384615384,0.14285714285714285,1400000,0.017857142857142905,0.6399999999999999,0.175,0.3333333333333333,0.6666666666666666,0.8888888888888888
286,0.5384615384615384,0.14285714285714285,1500000,0.6071428571428572,0.74,0.39999999999999997,0.8070175438596491,0.5,0.5555555555555556
287,0.5384615384615384,0.14285714285714285,1500000,0.2321428571428572,0.6599999999999999,0.39999999999999997,0.7192982456140351,0.14999999999999997,0.111111111111111
288,0.5384615384615384,0.7142857142857142,1800000,0.4821428571428572,0.72,0.44999999999999996,0.6140350877192982,0.7,0.7619047619047619
289,0.5384615384615384,0.0,1500000,0.46428571428571436,0.7,0.5499999999999999,0.7368421052631579,0.7,0.7936507936507937
290,0.5384615384615384,0.14285714285714285,1500000,0.642857142857143,0.84,0.44999999999999996,0.5789473684210527,0.5166666666666666,0.2857142857142857
291,0.5384615384615384,0.14285714285714285,1500000,0.3928571428571429,0.74,0.475,0.7017543859649122,0.31666666666666665,0.4603174603174603
292,0.5384615384615384,0.0,1500000,0.642857142857143,0.7799999999999999,0.5499999999999999,0.8245614035087719,0.4833333333333333,0.26984126984126977
293,0.5384615384615384,0.14285714285714285,1500000,0.7142857142857144,0.86,0.5499999999999999,0.7719298245614035,0.31666666666666665,0.31746031746031744
294,0.5384615384615384,0.0,1500000,0.6250000000000001,0.72,0.425,0.6491228070175439,0.44999999999999996,0.7142857142857143
295,0.5384615384615384,0.42857142857142855,1500000,0.6071428571428572,0.6399999999999999,0.6,0.7894736842105263,0.4833333333333333,0.12698412698412692
296,0.5384615384615384,0.0,1400000,0.5535714285714287,0.35999999999999993,0.525,0.17543859649122806,0.7333333333333333,0.8571428571428572
297,0.5384615384615384,0.2857142857142857,1500000,0.5000000000000001,0.74,0.825,0.7368421052631579,0.5666666666666667,0.1428571428571428
298,0.5384615384615384,0.14285714285714285,1500000,0.5357142857142858,0.6799999999999999,0.6,0.7368421052631579,0.5666666666666667,0.5079365079365079
299,0.5384615384615384,0.0,1500000,0.26785714285714296,0.6399999999999999,0.375,0.8596491228070176,0.36666666666666664,0.015873015873015817
300,0.5384615384615384,0.14285714285714285,1400000,0.3214285714285715,0.3399999999999999,0.14999999999999997,0.5964912280701754,0.6666666666666666,0.746031746031746
301,0.5384615384615384,0.42857142857142855,1500000,0.42857142857142866,0.74,0.7,0.7719298245614035,0.41666666666666663,0.23809523809523803
302,0.5384615384615384,0.5714285714285714,1600000,0.6250000000000001,0.6399999999999999,0.7,0.8421052631578947,0.6333333333333333,0.5079365079365079
303,0.5384615384615384,0.14285714285714285,1500000,0.6250000000000001,0.82,0.5,0.7192982456140351,0.36666666666666664,0.5238095238095237
304,0.5384615384615384,0.2857142857142857,1500000,0.5000000000000001,0.72,0.6,0.6842105263157895,0.19999999999999996,0.0793650793650793
305,0.5384615384615384,0.5714285714285714,1600000,0.125,0.6399999999999999,0.35,0.8245614035087719,0.19999999999999996,0.06349206349206343
306,0.5384615384615384,0.42857142857142855,1500000,0.4821428571428572,0.7999999999999999,0.5,0.5789473684210527,0.2666666666666666,0.4285714285714285
307,0.5384615384615384,0.5714285714285714,1600000,0.6785714285714287,0.72,0.475,0.5789473684210527,0.8166666666666667,0.6190476190476191
308,0.5384615384615384,0.5714285714285714,1600000,0.5178571428571429,0.7999999999999999,0.6749999999999999,0.8771929824561403,0.3833333333333333,0.15873015873015867
309,0.5384615384615384,0.0,1500000,0.5178571428571429,0.74,0.8,0.6842105263157895,0.7666666666666666,0.1904761904761904
310,0.5384615384615384,0.0,1500000,0.7142857142857144,0.86,0.39999999999999997,0.8771929824561403,0.43333333333333335,0.2857142857142857
311,0.5384615384615384,0.0,1500000,0.5178571428571429,0.72,0.525,0.7894736842105263,0.33333333333333337,0.1428571428571428
312,0.5384615384615384,0.14285714285714285,1500000,0.5892857142857144,0.6799999999999999,0.6499999999999999,0.7192982456140351,0.24999999999999994,0.38095238095238093
313,0.5384615384615384,0.0,1400000,0.7857142857142858,0.7799999999999999,0.35,0.8421052631578947,0.6833333333333333,0.8095238095238095
314,0.5384615384615384,0.0,1500000,0.5714285714285715,0.76,0.875,0.7894736842105263,0.31666666666666665,0.06349206349206343
315,0.5384615384615384,0.0,1500000,0.5178571428571429,0.7,0.32499999999999996,0.8596491228070176,0.5,0.4444444444444444
317,0.5384615384615384,0.8571428571428572,1800000,0.33928571428571436,0.6,0.525,0.7368421052631579,0.6,0.09523809523809518
318,0.5384615384615384,0.0,1500000,0.21428571428571436,0.6799999999999999,0.3,0.7894736842105263,0.6666666666666666,0.365079365079365
319,0.5384615384615384,0.14285714285714285,1500000,0.6607142857142858,0.76,0.6,0.7017543859649122,0.31666666666666665,0.6190476190476191
320,0.5384615384615384,0.5714285714285714,1600000,0.6785714285714287,0.72,0.725,0.6842105263157895,0.44999999999999996,0.2857142857142857
321,0.5384615384615384,0.0,1500000,0.642857142857143,0.7,0.375,0.5438596491228069,0.6,0.6825396825396826
322,0.5384615384615384,0.0,1400000,0.3928571428571429,0.72,0.575,0.5263157894736842,0.6833333333333333,0.6984126984126984
323,0.5384615384615384,0.5714285714285714,1600000,0.3214285714285715,0.58,0.39999999999999997,0.8421052631578947,0.7166666666666667,0.12698412698412692
324,0.5384615384615384,0.0,1400000,0.1964285714285715,0.5199999999999999,0.3,0.19298245614035087,0.7166666666666667,0.8253968253968254
325,0.5384615384615384,0.42857142857142855,1500000,0.6250000000000001,0.74,0.39999999999999997,0.7894736842105263,0.5666666666666667,0.33333333333333326
327,0.4615384615384615,0.2857142857142857,1200000,0.6607142857142858,0.72,0.5499999999999999,0.7719298245614035,0.4666666666666667,0.49206349206349204
328,0.4615384615384615,0.2857142857142857,1100000,0.5535714285714287,0.5199999999999999,0.32499999999999996,0.14035087719298245,0.6333333333333333,0.8253968253968254
329,0.4615384615384615,0.0,1200000,0.5535714285714287,0.7799999999999999,0.3,0.7894736842105263,0.36666666666666664,0.5396825396825397
330,0.4615384615384615,0.42857142857142855,1300000,0.5714285714285715,0.62,0.44999999999999996,0.3508771929824561,0.8333333333333333,0.7301587301587301
331,0.4615384615384615,0.14285714285714285,1200000,0.7142857142857144,0.72,0.04999999999999999,0.631578947368421,0.5499999999999999,0.5714285714285714
332,0.4615384615384615,0.0,1200000,0.42857142857142866,0.6599999999999999,0.525,0.7543859649122807,0.6,0.6349206349206349
333,0.4615384615384615,0.0,1200000,0.46428571428571436,0.7999999999999999,0.625,0.8070175438596491,0.7666666666666666,0.6825396825396826
334,0.4615384615384615,0.0,1100000,0.30357142857142866,0.23999999999999994,0.35,0.3157894736842105,0.5833333333333333,0.8412698412698412
335,0.4615384615384615,0.2857142857142857,1100000,0.6785714285714287,0.5199999999999999,0.25,0.6491228070175439,0.65,0.6984126984126984
336,0.4615384615384615,0.14285714285714285,1100000,0.42857142857142866,0.62,0.35,0.7368421052631579,0.65,0.7777777777777778
337,0.4615384615384615,0.42857142857142855,1300000,0.4821428571428572,0.6399999999999999,0.7,0.6842105263157895,0.16666666666666663,0.09523809523809518
338,0.4615384615384615,0.2857142857142857,1100000,0.1785714285714286,0.5399999999999999,0.22499999999999998,0.6140350877192982,0.6666666666666666,0.7301587301587301
339,0.4615384615384615,0.0,1200000,0.4821428571428572,0.7,0.75,0.631578947368421,0.4666666666666667,0.3015873015873015
340,0.4615384615384615,0.5714285714285714,1500000,0.6607142857142858,0.62,0.75,0.631578947368421,0.41666666666666663,0.111111111111111
341,0.4615384615384615,0.0,1200000,0.5178571428571429,0.6399999999999999,0.32499999999999996,0.7017543859649122,0.75,0.6984126984126984
342,0.4615384615384615,0.0,1200000,0.642857142857143,0.74,0.35,0.7017543859649122,0.5,0.5396825396825397
343,0.4615384615384615,0.14285714285714285,1200000,0.5535714285714287,0.7,0.6499999999999999,0.631578947368421,0.16666666666666663,0.26984126984126977
344,0.4615384615384615,0.14285714285714285,1200000,0.642857142857143,0.72,0.425,0.42105263157894735,0.41666666666666663,0.7777777777777778
345,0.4615384615384615,0.42857142857142855,1300000,0.6071428571428572,0.6799999999999999,0.6,0.5789473684210527,0.35,0.5238095238095237
346,0.4615384615384615,0.42857142857142855,1300000,0.6607142857142858,0.82,0.6,0.8596491228070176,0.23333333333333334,0.26984126984126977
347,0.4615384615384615,0.42857142857142855,1300000,0.5357142857142858,0.8799999999999999,0.7,0.8245614035087719,0.2666666666666666,0.4126984126984127
348,0.4615384615384615,0.0,1100000,0.7500000000000001,0.6399999999999999,0.475,0.7894736842105263,0.7166666666666667,0.7142857142857143
349,0.4615384615384615,0.2857142857142857,1200000,0.25000000000000006,0.6,0.575,0.7192982456140351,0.31666666666666665,0.17460317460317454
350,0.4615384615384615,0.14285714285714285,1100000,0.125,0.1399999999999999,0.25,0.4736842105263157,0.6666666666666666,0.7777777777777778
351,0.4615384615384615,0.42857142857142855,1300000,0.3214285714285715,0.6,0.375,0.7368421052631579,0.39999999999999997,0.1428571428571428
352,0.4615384615384615,0.14285714285714285,1200000,0.42857142857142866,0.58,0.75,0.9122807017543859,0.3833333333333333,0.1904761904761904
353,0.4615384615384615,0.0,1200000,0.3750000000000001,0.6399999999999999,0.625,0.7192982456140351,0.2666666666666666,0.111111111111111
354,0.4615384615384615,0.42857142857142855,1300000,0.5535714285714287,0.6399999999999999,0.475,0.631578947368421,0.65,0.7142857142857143
355,0.3846153846153846,0.0,1000000,0.642857142857143,0.62,0.75,0.6491228070175439,0.3,0.20634920634920634
356,0.3846153846153846,0.2857142857142857,1000000,0.1964285714285715,0.37999999999999995,0.35,0.2982456140350877,0.7166666666666667,0.746031746031746
357,0.3846153846153846,0.2857142857142857,1100000,0.6607142857142858,0.72,0.7749999999999999,0.6666666666666666,0.2833333333333333,0.17460317460317454
359,0.3846153846153846,0.2857142857142857,1100000,0.5000000000000001,0.6799999999999999,0.95,0.5438596491228069,0.1833333333333333,0.20634920634920634
360,0.3846153846153846,0.14285714285714285,950000,0.3214285714285715,0.62,0.19999999999999996,0.7543859649122807,0.75,0.7142857142857143
361,0.3846153846153846,0.0,925000,0.05357142857142866,0.019999999999999907,0.27499999999999997,0.2807017543859649,0.6166666666666667,0.8095238095238095
362,0.3846153846153846,0.5714285714285714,1200000,0.5000000000000001,0.6599999999999999,0.425,0.6491228070175439,0.6833333333333333,0.3492063492063492
363,0.3846153846153846,0.0,950000,0.3571428571428572,0.1399999999999999,0.14999999999999997,0.5614035087719298,0.7999999999999999,0.7301587301587301
364,0.3846153846153846,0.7142857142857142,1200000,0.5714285714285715,0.84,0.525,0.4736842105263157,0.8333333333333333,0.31746031746031744
365,0.3846153846153846,0.0,1000000,0.4821428571428572,0.6799999999999999,0.475,0.5438596491228069,0.39999999999999997,0.47619047619047616
366,0.3846153846153846,0.14285714285714285,1000000,0.5535714285714287,0.6399999999999999,0.44999999999999996,0.7894736842105263,0.39999999999999997,0.5238095238095237
367,0.3846153846153846,0.0,1000000,0.4821428571428572,0.76,0.525,0.5614035087719298,0.31666666666666665,0.3015873015873015
368,0.3846153846153846,0.7142857142857142,1200000,0.6071428571428572,0.6599999999999999,0.44999999999999996,0.6842105263157895,0.5833333333333333,0.6984126984126984
369,0.3846153846153846,0.14285714285714285,1000000,0.3214285714285715,0.74,0.725,0.8070175438596491,0.35,0.38095238095238093
370,0.3846153846153846,0.14285714285714285,1000000,0.30357142857142866,0.6399999999999999,0.575,0.6666666666666666,0.06666666666666671,0.09523809523809518
371,0.3846153846153846,0.7142857142857142,1200000,0.4464285714285715,0.76,0.39999999999999997,0.6491228070175439,0.39999999999999997,0.5396825396825397
372,0.3846153846153846,0.2857142857142857,1100000,0.4821428571428572,0.76,0.07499999999999996,0.7192982456140351,0.36666666666666664,0.5238095238095237
373,0.3846153846153846,0.0,975000,0.10714285714285715,0.17999999999999994,0.44999999999999996,0.2631578947368421,0.65,0.8412698412698412
374,0.3846153846153846,0.7142857142857142,1200000,0.2857142857142858,0.4799999999999999,0.07499999999999996,0.5964912280701754,0.75,0.7777777777777778
375,0.3846153846153846,0.0,925000,0.2321428571428572,0.019999999999999907,0.04999999999999999,0.3684210526315789,0.6333333333333333,0.7619047619047619
376,0.3846153846153846,0.0,1000000,0.125,0.5199999999999999,0.375,0.7368421052631579,0.5333333333333333,0.26984126984126977
377,0.3846153846153846,0.0,1000000,0.5714285714285715,0.76,0.425,0.6842105263157895,0.3833333333333333,0.47619047619047616
378,0.3846153846153846,0.0,1000000,0.6964285714285715,0.62,0.6,0.6842105263157895,0.14999999999999997,0.38095238095238093
379,0.3846153846153846,0.14285714285714285,1000000,0.3214285714285715,0.58,0.32499999999999996,0.6842105263157895,0.7999999999999999,0.6825396825396826
380,0.3846153846153846,0.2857142857142857,1000000,0.21428571428571436,0.4999999999999999,0.22499999999999998,0.49122807017543857,0.75,0.7936507936507937
381,0.3076923076923077,0.2857142857142857,1000000,0.642857142857143,0.86,0.475,0.6140350877192982,0.09999999999999998,0.2539682539682539
382,0.3076923076923077,0.0,825000,0.6071428571428572,0.62,0.475,0.6666666666666666,0.31666666666666665,0.4603174603174603
383,0.3076923076923077,0.5714285714285714,1000000,0.5178571428571429,0.6599999999999999,0.6,0.5964912280701754,0.2833333333333333,0.17460317460317454
384,0.3076923076923077,0.42857142857142855,1000000,0.3214285714285715,0.7799999999999999,0.0,0.5614035087719298,0.2666666666666666,0.31746031746031744
385,0.3076923076923077,0.14285714285714285,900000,0.3214285714285715,0.45999999999999996,0.39999999999999997,0.631578947368421,0.3,0.111111111111111
386,0.3076923076923077,0.14285714285714285,900000,0.5000000000000001,0.6799999999999999,0.3,0.8421052631578947,0.7166666666666667,0.6825396825396826
387,0.3076923076923077,0.14285714285714285,850000,0.4821428571428572,0.5599999999999999,0.27499999999999997,0.8245614035087719,0.6833333333333333,0.746031746031746
388,0.3076923076923077,0.14285714285714285,925000,0.2321428571428572,0.6799999999999999,0.39999999999999997,0.8070175438596491,0.36666666666666664,0.365079365079365
389,0.3076923076923077,0.2857142857142857,1000000,0.6250000000000001,0.5199999999999999,0.575,0.3684210526315789,0.6,0.6825396825396826
390,0.3076923076923077,0.0,825000,0.2321428571428572,0.4999999999999999,0.3,0.7543859649122807,0.41666666666666663,0.03174603174603169
391,0.3076923076923077,0.0,825000,0.5357142857142858,0.5599999999999999,0.5,0.6666666666666666,0.36666666666666664,0.47619047619047616
392,0.23076923076923073,0.0,675000,0.3750000000000001,0.5399999999999999,0.25,0.7368421052631579,0.7999999999999999,0.5238095238095237
393,0.23076923076923073,0.14285714285714285,750000,0.6250000000000001,0.6399999999999999,0.22499999999999998,0.21052631578947367,0.5499999999999999,0.6507936507936508
394,0.23076923076923073,0.2857142857142857,775000,0.3928571428571429,0.74,0.375,0.6491228070175439,0.0,0.111111111111111
395,0.23076923076923073,0.0,675000,0.16071428571428575,0.62,0.25,0.5964912280701754,0.5666666666666667,0.17460317460317454
396,0.23076923076923073,0.14285714285714285,775000,0.5000000000000001,0.62,0.32499999999999996,0.7192982456140351,0.44999999999999996,0.5555555555555556
397,0.23076923076923073,0.0,675000,0.4464285714285715,0.62,0.85,0.7543859649122807,0.4833333333333333,0.3015873015873015
398,0.23076923076923073,0.14285714285714285,725000,0.10714285714285715,0.4799999999999999,0.09999999999999998,0.45614035087719296,0.5333333333333333,0.6984126984126984
399,0.23076923076923073,0.0,675000,0.4464285714285715,0.6599999999999999,0.39999999999999997,0.6842105263157895,0.5166666666666666,0.6031746031746031
400,0.23076923076923073,0.0,675000,0.46428571428571436,0.7799999999999999,0.3,0.5964912280701754,0.3,0.17460317460317454
401,0.23076923076923073,0.0,650000,0.26785714285714296,0.15999999999999992,0.25,0.45614035087719296,0.6,0.6984126984126984
402,0.23076923076923073,0.7142857142857142,775000,0.3928571428571429,0.62,0.22499999999999998,0.7719298245614035,0.6666666666666666,0.5396825396825397
403,0.23076923076923073,0.2857142857142857,725000,0.3571428571428572,0.2599999999999999,0.75,0.21052631578947367,0.5833333333333333,0.6666666666666666
404,0.15384615384615385,0.2857142857142857,700000,0.3214285714285715,0.41999999999999993,0.07499999999999996,0.7192982456140351,0.16666666666666663,0.17460317460317454
405,0.15384615384615385,0.0,700000,0.6785714285714287,0.7799999999999999,0.35,0.3333333333333333,0.1833333333333333,0.22222222222222215
406,0.15384615384615385,0.2857142857142857,700000,0.4107142857142858,0.72,0.32499999999999996,0.6491228070175439,0.5833333333333333,0.6031746031746031
407,0.15384615384615385,0.0,675000,0.5357142857142858,0.74,0.825,0.5964912280701754,0.21666666666666667,0.6666666666666666
408,0.15384615384615385,0.0,700000,0.642857142857143,0.6,0.5,0.5614035087719298,0.65,0.7619047619047619
409,0.15384615384615385,0.2857142857142857,675000,0.5357142857142858,0.45999999999999996,0.5,0.0,0.5333333333333333,0.7936507936507937
410,0.15384615384615385,0.2857142857142857,675000,0.6071428571428572,0.5599999999999999,0.575,0.19298245614035087,0.65,0.6349206349206349
411,0.07692307692307687,0.0,650000,0.2857142857142858,0.5199999999999999,0.425,0.6140350877192982,0.39999999999999997,0.04761904761904756
412,0.07692307692307687,0.14285714285714285,625000,0.6607142857142858,0.84,0.525,0.4736842105263157,0.39999999999999997,0.6825396825396826
413,0.07692307692307687,0.0,650000,0.5178571428571429,0.62,0.425,0.5789473684210527,0.23333333333333334,0.1904761904761904
414,0.07692307692307687,0.0,650000,0.42857142857142866,0.62,0.7,0.5964912280701754,0.35,0.6984126984126984
415,0.0,0.0,525000,0.30357142857142866,0.5599999999999999,0.27499999999999997,0.7017543859649122,0.21666666666666667,0.04761904761904756
